sp_id1,gen
1,Homo
2,Pan
4,Gorilla
5,Pongo
6,Nomascus
7,Macaca
9,Chlorocebus
10,Rhinopithecus
12,Callithrix
13,Saimiri
14,Mus
15,Rattus
16,Cricetulus
17,Nannospalax
18,Heterocephalus
19,Castor
20,Oryctolagus
21,Tupaia
22,Canis
23,Ailuropoda
24,Ursus
25,Odobenus
26,Felis
27,Panthera
28,Acinonyx
29,Bos
32,Pantholops
33,Capra
34,Ovis
35,Sus
36,Camelus
38,Balaenoptera
39,Lipotes
40,Orcinus
41,Equus
44,Myotis
46,Hipposideros
47,Rhinolophus
48,Pteropus
49,Loxodonta
50,Trichechus
51,Monodelphis
52,Sarcophilus
53,Ornithorhynchus
54,Gallus
55,Meleagris
56,Coturnix
57,Anas
58,Anser
59,Taeniopygia
60,Serinus
61,Geospiza
62,Ficedula
63,Pseudopodoces
64,Parus
65,Cyanistes
66,Corvus
67,Falco
69,Columba
70,Egretta
71,Nipponia
72,Athene
73,Apteryx
74,Alligator
76,Pelodiscus
77,Chelonia
78,Chrysemys
79,Anolis
80,Pogona
81,Python
82,Protobothrops
83,Gekko
84,Xenopus
86,Nanorana
87,Danio
88,Sinocyclocheilus
91,Cyprinus
92,Ictalurus
93,Pangasianodon
94,Astyanax
95,Electrophorus
96,Takifugu
97,Tetraodon
98,Larimichthys
99,Notothenia
100,Maylandia
101,Oryzias
102,Xiphophorus
103,Poecilia
104,Nothobranchius
105,Kryptolebias
106,Cynoglossus
107,Lates
108,Seriola
109,Hippocampus
110,Boleophthalmus
111,Monopterus
112,Salmo
113,Oncorhynchus
114,Salvelinus
115,Esox
116,Scleropages
117,Paramormyrops
118,Latimeria
119,Callorhinchus
120,Branchiostoma
121,Ciona
122,Strongylocentrotus
123,Acanthaster
124,Saccoglossus
125,Drosophila
137,Musca
138,Anopheles
139,Aedes
140,Culex
141,Apis
142,Bombus
144,Solenopsis
145,Monomorium
146,Acromyrmex
147,Atta
148,Pogonomyrmex
149,Harpegnathos
150,Dinoponera
151,Camponotus
152,Linepithema
153,Pseudomyrmex
154,Ooceraea
155,Polistes
156,Nasonia
157,Microplitis
158,Tribolium
159,Dendroctonus
160,Nicrophorus
161,Bombyx
162,Danaus
163,Papilio
164,Pieris
165,Helicoverpa
166,Trichoplusia
167,Plutella
168,Acyrthosiphon
169,Diuraphis
170,Cimex
171,Pediculus
172,Zootermopsis
173,Folsomia
174,Daphnia
175,Ixodes
176,Tetranychus
177,Dermatophagoides
178,Caenorhabditis
180,Necator
181,Brugia
182,Loa
183,Trichinella
184,Helobdella
185,Lottia
186,Crassostrea
187,Mizuhopecten
188,Octopus
189,Lingula
190,Schistosoma
192,Opisthorchis
193,Echinococcus
194,Nematostella
195,Exaiptasia
196,Acropora
197,Pocillopora
198,Stylophora
199,Hydra
200,Trichoplax
201,Amphimedon
202,Arabidopsis
204,Capsella
205,Camelina
206,Eutrema
207,Brassica
210,Tarenaya
211,Carica
212,Citrus
214,Theobroma
215,Gossypium
218,Durio
219,Eucalyptus
220,Glycine
221,Phaseolus
222,Vigna
224,Cajanus
225,Medicago
226,Cicer
227,Lotus
228,Arachis
230,Lupinus
231,Fragaria
232,Prunus
235,Malus
236,Pyrus
237,Ziziphus
238,Cucumis
240,Momordica
241,Cucurbita
244,Ricinus
245,Jatropha
246,Hevea
247,Manihot
248,Populus
249,Juglans
250,Vitis
251,Solanum
254,Capsicum
255,Nicotiana
258,Ipomoea
259,Sesamum
260,Olea
261,Helianthus
262,Lactuca
263,Cynara
264,Daucus
265,Beta
266,Spinacia
267,Chenopodium
268,Nelumbo
269,Papaver
270,Oryza
272,Brachypodium
273,Aegilops
274,Sorghum
275,Zea
276,Setaria
277,Phoenix
278,Elaeis
279,Musa
280,Dendrobium
281,Phalaenopsis
282,Asparagus
283,Amborella
284,Selaginella
285,Physcomitrella
286,Chlamydomonas
287,Volvox
288,Monoraphidium
289,Ostreococcus
291,Bathycoccus
292,Micromonas
294,Coccomyxa
295,Chlorella
296,Auxenochlorella
297,Cyanidioschyzon
298,Galdieria
299,Chondrus
300,Saccharomyces
301,Eremothecium
303,Kluyveromyces
305,Lachancea
306,Vanderwaltozyma
307,Zygosaccharomyces
308,Nakaseomyces
309,Naumovozyma
311,Tetrapisispora
313,Torulaspora
314,Kazachstania
315,Komagataella
316,Debaryomyces
317,Scheffersomyces
318,Meyerozyma
319,Spathaspora
320,Lodderomyces
321,Candida
325,Yamadazyma
326,Yarrowia
327,Clavispora
330,Sugiyamaella
331,Neurospora
333,Sordaria
334,Podospora
335,Thermothielavioides
336,Thermothelomyces
337,Chaetomium
338,Pyricularia
339,Phaeoacremonium
340,Sporothrix
341,Fusarium
346,Trichoderma
347,Metarhizium
349,Cordyceps
350,Purpureocillium
351,Verticillium
353,Colletotrichum
354,Eutypa
355,Pestalotiopsis
356,Sclerotinia
357,Botrytis
358,Marssonina
359,Phialocephala
360,Glarea
361,Aspergillus
368,Penicillium
370,Coccidioides
372,Paracoccidioides
374,Uncinocarpus
375,Trichophyton
377,Histoplasma
378,Parastagonospora
379,Pyrenophora
380,Bipolaris
383,Alternaria
384,Zymoseptoria
385,Pseudocercospora
386,Baudoinia
387,Neofusicoccum
388,Tuber
389,Schizosaccharomyces
390,Cryptococcus
393,Tremella
394,Postia
395,Trametes
396,Dichomitus
397,Phanerochaete
398,Stereum
399,Heterobasidion
400,Punctularia
401,Auricularia
402,Fomitiporia
403,Gloeophyllum
404,Laccaria
405,Moniliophthora
407,Coprinopsis
408,Schizophyllum
409,Agaricus
411,Coniophora
412,Serpula
413,Wallemia
415,Ustilago
416,Anthracocystis
417,Malassezia
418,Puccinia
419,Melampsora
420,Encephalitozoon
424,Nosema
425,Monosiga
426,Salpingoeca
427,Dictyostelium
429,Cavenderia
430,Entamoeba
433,Acanthamoeba
434,Plasmodium
443,Theileria
447,Babesia
449,Cryptosporidium
451,Toxoplasma
452,Tetrahymena
453,Paramecium
454,Breviolum
455,Phaeodactylum
456,Fragilariopsis
457,Thalassiosira
458,Aureococcus
459,Nannochloropsis
460,Phytophthora
462,Saprolegnia
463,Emiliania
464,Guillardia
465,Trypanosoma
467,Leishmania
472,Naegleria
473,Trichomonas
474,Giardia
475,Escherichia
543,Salmonella
596,Shigella
609,Enterobacter
636,Cronobacter
647,Klebsiella
688,Citrobacter
700,Gibbsiella
701,Candidatus Blochmannia
707,Candidatus Hamiltonella
708,unclassified Enterobacteriaceae
711,Candidatus Riesia
713,Candidatus Moranella
715,Shimwellia
716,Raoultella
720,Cedecea
724,Pluralibacter
727,Kosakonia
732,Kluyvera
733,Candidatus Ishikawaella
734,Leclercia
737,Lelliottia
741,Limnobaculum
742,Buttiauxella
743,Candidatus Tachikawaea
744,Candidatus Doolittlea
745,Candidatus Hoaglandella
746,Candidatus Gullanella
747,Candidatus Mikella
748,Candidatus Purcelliella
749,Metakosakonia
750,Atlantibacter
755,Yersinia
799,Serratia
819,Chania
820,Rahnella
824,Pectobacterium
835,Sodalis
839,Dickeya
848,Brenneria
849,Lonsdalea
850,Erwinia
859,Buchnera
877,Wigglesworthia
879,Pantoea
894,Mixta
896,Tatumella
898,Photorhabdus
902,Proteus
906,Xenorhabdus
913,Providencia
920,Morganella
922,Arsenophonus
923,Edwardsiella
931,Hafnia
933,Obesumbacterium
934,Pragia
935,Leminorella
936,Phytobacter
937,Plesiomonas
938,Haemophilus
956,Glaesserella
961,Histophilus
963,Pasteurella
969,Basfia
970,Mannheimia
984,Actinobacillus
992,Aggregatibacter
1000,Gallibacterium
1001,Bibersteinia
1005,Avibacterium
1006,Rodentibacter
1007,Xylella
1016,Xanthomonas
1050,Stenotrophomonas
1060,Pseudoxanthomonas
1063,Lysobacter
1071,Luteimonas
1073,Frateuria
1074,Rhodanobacter
1075,Dyella
1079,Dokdonella
1080,Luteibacter
1081,Ahniella
1082,Vibrio
1131,Aliivibrio
1135,Photobacterium
1138,Grimontia
1139,Paraphotobacterium
1140,Pseudomonas
1249,Azotobacter
1253,Oblitimonas
1254,Psychrobacter
1265,Acinetobacter
1306,Moraxella
1313,unclassified Moraxellaceae
1314,Shewanella
1345,Idiomarina
1350,Colwellia
1356,Pseudoalteromonas
1375,Marinobacter
1386,Alteromonas
1407,Glaciecola
1409,Paraglaciecola
1410,Lacimicrobium
1411,Catenovulum
1412,Saliniradius
1413,Salinimonas
1414,Psychromonas
1416,Ferrimonas
1417,Moritella
1419,Cellvibrio
1422,Saccharophagus
1423,Teredinibacter
1424,Simiduia
1425,Spongiibacter
1426,Zhongshania
1427,Oceanicoccus
1428,Microbulbifer
1432,Halioglobus
1433,Coxiella
1440,Rickettsiella
1441,Legionella
1459,Tatlockia
1460,Methylococcus
1461,Methylomonas
1465,Methylomicrobium
1466,Methylovulum
1467,Methylocaldum
1468,Francisella
1508,Allofrancisella
1509,Hydrogenovibrio
1511,Thiomicrospira
1514,Methylophaga
1516,Cycloclasticus
1519,Piscirickettsia
1520,Thioploca
1521,Beggiatoa
1522,Nitrosococcus
1525,Allochromatium
1526,Thiocystis
1527,Thioflavicoccus
1528,Marichromatium
1529,Candidatus Tenderia
1530,Candidatus Nitrosoglobus
1531,Thiodictyon
1532,Alkalilimnicola
1533,Halorhodospira
1535,Thioalkalivibrio
1540,Spiribacter
1542,Ectothiorhodospira
1543,Acidihalobacter
1544,Halothiobacillus
1546,Wenzhouxiangella
1547,Woeseia
1548,Granulosicoccus
1549,Hahella
1551,Chromohalobacter
1552,Halomonas
1565,Candidatus Portiera
1574,Candidatus Carsonella
1581,Candidatus Evansia
1582,Zymobacter
1583,Halotalea
1584,Cobetia
1585,Kushneria
1587,Alcanivorax
1592,Ketobacter
1593,Kangiella
1597,Marinomonas
1600,Thalassolituus
1602,Oleispira
1603,Marinobacterium
1604,Bacterioplanes
1605,Gynuella
1606,Reinekea
1607,Oleiphilus
1608,Aeromonas
1628,Tolumonas
1629,Oceanimonas
1630,Oceanisphaera
1632,Zobellella
1633,Dichelobacter
1634,Cardiobacterium
1635,Gilliamella
1636,Frischella
1637,Steroidobacter
1638,Solimonas
1639,Immundisolibacter
1640,Sulfuricaulis
1641,Sulfurifustis
1642,Acidiferrobacter
1643,Salinisphaera
1644,Thiolapillus
1645,Sedimenticola
1646,Candidatus Thioglobus
1649,Pseudohongiella
1650,Thiohalobacter
1651,Candidatus Ruthia
1653,unclassified sulfur-oxidizing symbionts
1654,Candidatus Baumannia
1657,unclassified Gammaproteobacteria
1659,Neisseria
1682,Snodgrassella
1683,Kingella
1684,Vitreoscilla
1686,Eikenella
1687,Simonsiella
1688,unclassified Neisseriaceae
1689,Chromobacterium
1695,Iodobacter
1696,Laribacter
1697,Pseudogulbenkiania
1698,Jeongeupia
1699,Aquaspirillum
1700,Aquitalea
1701,Ralstonia
1713,Cupriavidus
1725,Burkholderia
1814,Paraburkholderia
1817,Mycetohabitans
1830,Polynucleobacter
1834,Pandoraea
1846,Paucimonas
1847,Ephemeroptericola
1848,Lautropia
1849,Mycoavidus
1850,Bordetella
1873,Achromobacter
1882,Taylorella
1887,Pusillimonas
1889,Advenella
1891,Castellaniella
1892,Basilea
1893,Alcaligenes
1896,Paenalcaligenes
1897,Orrella
1898,Oligella
1899,Pigmentiphaga
1900,Rhodoferax
1904,Polaromonas
1907,Acidovorax
1918,Verminephrobacter
1919,Delftia
1923,Variovorax
1929,Comamonas
1933,Alicycliphilus
1935,Ramlibacter
1936,Candidatus Symbiobacter
1937,Ottowia
1939,Limnohabitans
1941,Hydrogenophaga
1944,Diaphorobacter
1945,Simplicispira
1946,Pulveribacter
1947,Melaminivora
1948,Serpentinomonas
1950,Methylibium
1952,Herminiimonas
1953,Janthinobacterium
1959,Herbaspirillum
1964,Candidatus Zinderia
1965,Collimonas
1968,Massilia
1974,Oxalobacter
1975,Undibacterium
1976,Sutterella
1977,Leptothrix
1978,Thiomonas
1980,Rubrivivax
1982,Roseateles
1983,Paucibacter
1984,Mitsuaria
1985,Rhizobacter
1986,Aquabacterium
1987,unclassified Burkholderiales
1990,Nitrosomonas
1996,Nitrosospira
1998,Sulfuritalea
1999,Methyloversatilis
2000,Thiobacillus
2001,Methylobacillus
2002,Methylotenera
2004,Methylovorus
2006,Candidatus Methylopumilus
2008,Methylophilus
2009,Sideroxydans
2010,Gallionella
2011,Sulfuricella
2012,Sulfuriferula
2013,Ferriphaselus
2014,Aromatoleum
2015,Azospira
2016,Rugosibacter
2017,unclassified Rhodocyclaceae
2018,Dechloromonas
2020,Azoarcus
2027,Thauera
2032,unclassified Zoogloeaceae
2033,Candidatus Accumulibacter
2034,Candidatus Tremblaya
2037,Candidatus Kinetoplastibacterium
2045,Candidatus Profftella
2046,Candidatus Nasuia
2047,Candidatus Vidania
2049,unclassified Betaproteobacteria
2051,Helicobacter
2125,Wolinella
2126,Sulfurimonas
2128,Sulfuricurvum
2130,Campylobacter
2196,Arcobacter
2202,Arcobacter group
2204,Sulfurospirillum
2210,Hydrogenimonas
2211,Nitratifractor
2212,Nitratiruptor
2213,Sulfurovum
2215,Nautilia
2216,Geobacter
2227,Geoalkalibacter
2228,Pelobacter
2232,Desulfuromonas
2234,Desulfovibrio
2243,Desulfocurvibacter
2251,Pseudodesulfovibrio
2255,Lawsonia
2257,Desulfomicrobium
2259,Desulfohalobium
2260,Desulfotalea
2261,Desulfurivibrio
2262,Desulfobulbus
2264,Desulfocapsa
2265,Desulfococcus
2267,Desulfatibacillum
2268,Desulfobacterium
2269,Desulfobacula
2270,Anaeromyxobacter
2274,Myxococcus
2279,Corallococcus
2280,Stigmatella
2281,Archangium
2282,Melittangium
2283,Cystobacter
2284,Vulgatibacter
2285,Sorangium
2287,Chondromyces
2288,Sandaracinus
2289,Labilithrix
2290,Minicystis
2291,Haliangium
2292,Syntrophus
2293,Desulfobacca
2294,Desulfomonile
2295,Syntrophobacter
2296,Desulfarculus
2297,Hippea
2298,Desulfurella
2299,Bradymonas
2300,Bdellovibrio
2305,Halobacteriovorax
2307,Bacteriovorax
2308,Rickettsia
2355,Orientia
2357,Candidatus Phycorickettsia
2358,Wolbachia
2367,Anaplasma
2377,Ehrlichia
2391,Neorickettsia
2394,Candidatus Midichloria
2395,Candidatus Fokinia
2396,unclassified Rickettsiales
2398,Candidatus Paracaedibacter
2399,Candidatus Paracaedimonas
2400,Candidatus Nucleicultrix
2401,unclassified Holosporaceae
2402,Mesorhizobium
2410,Chelativorans
2411,Hoeflea
2412,Aminobacter
2414,Phyllobacterium
2415,Parvibaculum
2416,unclassified Rhodobiaceae
2417,Sinorhizobium
2432,Ensifer
2435,Agrobacterium
2443,Rhizobium
2464,Neorhizobium
2472,Liberibacter
2475,Shinella
2476,Brucella
2519,Ochrobactrum
2523,Bradyrhizobium
2537,Rhodopseudomonas
2544,Nitrobacter
2546,Oligotropha
2549,Bosea
2553,Variibacter
2554,Bartonella
2574,Xanthobacter
2575,Azorhizobium
2576,Starkeya
2577,Methylorubrum
2583,Methylobacterium
2594,Microvirga
2596,Beijerinckia
2597,Methylocella
2598,Methylovirgula
2599,Chelatococcus
2601,Hyphomicrobium
2605,Rhodomicrobium
2606,Pelagibacterium
2607,Filomicrobium
2609,Devosia
2611,Blastochloris
2613,Rhodoplanes
2614,Maritalea
2615,Methylocystis
2618,Methylosinus
2619,Pleomorphomonas
2620,Martelella
2623,Aureimonas
2624,Breoghania
2625,Candidatus Hodgkinia
2629,Methyloceanibacter
2630,Candidatus Tokpelaia
2631,Pseudorhodoplanes
2632,Hartmannibacter
2633,unclassified Rhizobiales
2634,Caulobacter
2641,Phenylobacterium
2643,Brevundimonas
2649,Asticcacaulis
2650,unclassified Caulobacteraceae
2651,Ruegeria
2653,Salicibibacter
2655,Epibacterium
2656,Rhodobacter
2663,Jannaschia
2664,Roseobacter
2666,Paracoccus
2676,Dinoroseobacter
2677,Ketogulonicigenium
2680,Pseudovibrio
2681,Phaeobacter
2687,Octadecabacter
2690,Leisingera
2692,Roseibacterium
2693,Planktomarina
2694,Celeribacter
2698,Marinovum
2699,Confluentimicrobium
2700,Rhodovulum
2703,Pannonibacter
2704,Halocynthiibacter
2705,Labrenzia
2708,Defluviimonas
2709,Yangia
2711,Sulfitobacter
2716,Marivivens
2717,Salipiger
2718,Tateyamaria
2719,Pelagibaca
2720,Thioclava
2721,Roseovarius
2723,Yoonia
2724,Antarctobacter
2725,Rhodobaca
2726,Sagittula
2727,unclassified Rhodobacteraceae
2728,Thalassococcus
2729,Gemmobacter
2730,Tabrizicola
2731,Silicimonas
2732,Sedimentitalea
2734,Maricaulis
2735,Hyphomonas
2736,Hirschia
2737,Glycocaulis
2738,unclassified Hyphomonadaceae
2739,Zymomonas
2747,Novosphingobium
2754,Sphingopyxis
2765,Sphingomonas
2777,Tardibacter
2782,Sphingobium
2795,Citromicrobium
2796,Sphingorhabdus
2799,Blastomonas
2801,Rhizorhabdus
2802,Sphingosinicella
2804,Erythrobacter
2811,Altererythrobacter
2817,Croceicoccus
2819,Porphyrobacter
2822,Gluconobacter
2826,Granulibacter
2830,Acidiphilium
2832,Gluconacetobacter
2834,Komagataeibacter
2839,Acetobacter
2856,Asaia
2857,Kozakia
2858,Roseomonas
2860,Neoasaia
2861,Commensalibacter
2862,Rhodospirillum
2865,Pararhodospirillum
2866,Magnetospirillum
2871,Azospirillum
2880,Tistrella
2881,Candidatus Endolissoclinum
2883,Thalassospira
2886,Magnetospira
2887,Haematospirillum
2888,Nitrospirillum
2889,Niveispirillum
2890,Parvularcula
2891,Magnetococcus
2892,Candidatus Pelagibacter
2894,unclassified Pelagibacteraceae
2896,Micavibrio
2898,Polymorphum
2899,Phreatobacter
2900,Candidatus Puniceispirillum
2901,Georhizobium
2902,Acidithiobacillus
2907,Mariprofundus
2909,Hydrogenophilus
2910,Bacillus
3043,Oceanobacillus
3045,Geobacillus
3063,Parageobacillus
3065,Anoxybacillus
3070,Amphibacillus
3071,Lysinibacillus
3077,Halobacillus
3080,Terribacillus
3081,Virgibacillus
3087,Lentibacillus
3088,Fictibacillus
3090,Salimicrobium
3091,Aeribacillus
3092,Sporolactobacillus
3093,unclassified Sporolactobacillaceae
3094,Staphylococcus
3180,Macrococcus
3183,Salinicoccus
3184,Auricoccus
3185,Listeria
3231,Brochothrix
3232,Exiguobacterium
3237,Gemella
3240,Brevibacillus
3243,Paenibacillus
3286,Thermobacillus
3287,Aneurinibacillus
3289,Cohnella
3290,Alicyclobacillus
3292,Kyrpidia
3294,Tumebacillus
3296,Solibacillus
3299,Planococcus
3310,Jeotgalibacillus
3311,Kurthia
3312,Sporosarcina
3317,Rummeliibacillus
3318,Paenisporosarcina
3319,Novibacillus
3320,Laceyella
3321,Lactococcus
3339,Streptococcus
3482,Lactobacillus
3575,Pediococcus
3581,Enterococcus
3602,Melissococcus
3604,Tetragenococcus
3607,Vagococcus
3609,Oenococcus
3612,Leuconostoc
3624,Weissella
3631,Aerococcus
3638,Suicoccus
3639,Carnobacterium
3644,Marinilactibacillus
3645,Jeotgalibaca
3648,Clostridium
3700,Alkaliphilus
3702,Candidatus Arthromitus
3706,Geosporobacter
3707,Mageeibacillus
3708,Fastidiosipila
3709,Hungateiclostridium
3713,unclassified Hungateiclostridiaceae
3714,Ruminiclostridium
3715,Thermoclostridium
3717,Pseudoclostridium
3718,unclassified Ruminococcaceae
3722,Flavonifractor
3723,Ethanoligenens
3724,Ruminococcus
3728,Faecalibacterium
3730,Caproiciproducens
3731,Butyrivibrio
3734,Cellulosilyticum
3735,Roseburia
3738,Coprococcus
3740,Blautia
3745,Lachnoclostridium
3750,Anaerostipes
3751,Herbinix
3752,Anaerotignum
3753,Lachnoanaerobaculum
3757,unclassified Lachnospiraceae
3758,Clostridioides
3763,Peptoclostridium
3764,Acetoanaerobium
3765,Filifactor
3766,Paeniclostridium
3767,unclassified Peptostreptococcaceae
3768,Symbiobacterium
3769,Syntrophomonas
3770,Syntrophothermus
3771,Desulfitobacterium
3776,Desulfotomaculum
3780,Desulfofarcimen
3781,Desulfofundulus
3782,Desulfallas
3783,Pelotomaculum
3784,Candidatus Desulforudis
3785,Thermincola
3786,Syntrophobotulus
3787,Desulfosporosinus
3790,Dehalobacter
3793,Heliobacterium
3794,Eubacterium
3796,Anaerobutyricum
3797,Acetobacterium
3798,Oscillibacter
3799,Thermaerobacter
3800,Sulfobacillus
3802,Carboxydocella
3803,Christensenella
3804,Intestinimonas
3805,Mogibacterium
3806,Aminipila
3808,unclassified Clostridiales
3810,Petrocella
3811,Caldanaerobacter
3812,Thermoanaerobacter
3820,Carboxydothermus
3821,Tepidanaerobacter
3823,Moorella
3824,Ammonifex
3825,Thermacetogenium
3826,Caldicellulosiruptor
3834,Thermosediminibacter
3835,Thermoanaerobacterium
3839,Thermodesulfobium
3841,Mahella
3842,Natranaerobius
3843,Halothermothrix
3844,Halanaerobium
3846,Halocella
3847,Acetohalobium
3848,Halobacteroides
3849,Anoxybacter
3850,Finegoldia
3851,Anaerococcus
3852,Parvimonas
3853,Peptoniphilus
3855,Gottschalkia
3856,Sporanaerobacter
3857,Veillonella
3860,Megasphaera
3863,Dialister
3864,Selenomonas
3869,Megamonas
3870,Pelosinus
3872,Methylomusa
3873,Acidaminococcus
3875,Phascolarctobacterium
3876,Erysipelothrix
3880,Faecalitalea
3881,Turicibacter
3882,Faecalibaculum
3883,unclassified Erysipelotrichaceae
3884,Intestinibaculum
3885,Limnochorda
3886,Coprothermobacter
3887,Mycoplasma
3979,Ureaplasma
3983,Candidatus Hepatoplasma
3984,Candidatus Phytoplasma
3992,Acholeplasma
3996,Mesoplasma
4004,Entomoplasma
4008,Spiroplasma
4028,Candidatus Izimaplasma
4029,unclassified Tenericutes
4031,Mycobacterium
4101,Mycolicibacterium
4119,Mycobacteroides
4127,Mycolicibacter
4129,Hoyosella
4130,Corynebacterium
4226,Nocardia
4234,Rhodococcus
4254,Gordonia
4263,Tsukamurella
4265,Segniliparus
4266,Dietzia
4271,Lawsonella
4272,Streptomyces
4335,Kitasatospora
4339,Streptacidiphilus
4340,Tropheryma
4342,Leifsonia
4344,Clavibacter
4349,Microbacterium
4362,Rhodoluna
4364,Rathayibacter
4368,Curtobacterium
4370,Microterricola
4371,Frondihabitans
4372,Agromyces
4375,Cryobacterium
4377,Cnuibacter
4378,Aurantimicrobium
4381,Pontimonas
4382,Microcella
4383,Mycetocola
4384,Salinibacterium
4386,Humibacter
4387,Gryllotalpicola
4388,Protaetiibacter
4389,Plantibacter
4390,Leucobacter
4392,Arthrobacter
4408,Psychromicrobium
4409,Paenarthrobacter
4410,Pseudarthrobacter
4413,Glutamicibacter
4415,Renibacterium
4416,Kocuria
4419,Micrococcus
4420,Rothia
4423,Sinomonas
4424,Neomicrococcus
4425,Auritidibacter
4426,Beutenbergia
4427,Brachybacterium
4433,Dermabacter
4434,Jonesia
4435,Kytococcus
4436,Dermacoccus
4437,Luteipulveratus
4438,Xylanimonas
4439,Isoptericola
4441,Cellulosimicrobium
4443,Xylanimicrobium
4444,Xylanibacterium
4445,Sanguibacter
4446,Cellulomonas
4450,Intrasporangium
4451,Arsenicicoccus
4452,Serinicoccus
4453,Janibacter
4454,Ornithinimicrobium
4455,Brevibacterium
4457,Dermatophilus
4458,Cutibacterium
4472,Propionibacterium
4476,Pseudopropionibacterium
4477,Acidipropionibacterium
4481,Microlunatus
4482,Tessaracoccus
4486,Nocardioides
4488,Kribbella
4489,Pimelobacter
4490,Aeromicrobium
4493,Micropruina
4494,Thermobifida
4495,Nocardiopsis
4498,Thermomonospora
4499,Streptosporangium
4500,Nonomuraea
4501,Frankia
4506,Acidothermus
4507,Nakamurella
4509,Geodermatophilus
4510,Blastococcus
4511,Modestobacter
4512,Kineococcus
4513,Saccharopolyspora
4514,Saccharomonospora
4515,Amycolatopsis
4525,Pseudonocardia
4532,Actinosynnema
4534,Saccharothrix
4535,Kutzneria
4536,Kibdelosporangium
4537,Lentzea
4538,Actinoalloteichus
4543,Alloactinosynnema
4544,Prauserella
4545,Salinispora
4547,Micromonospora
4551,Verrucosispora
4552,Actinoplanes
4557,Plantactinospora
4560,Catenulispora
4561,Stackebrandtia
4562,Arcanobacterium
4563,Mobiluncus
4564,Trueperella
4566,Actinotignum
4567,Actinobaculum
4568,Schaalia
4569,Actinomyces
4577,Flaviflexus
4579,Bifidobacterium
4634,Gardnerella
4637,Scardovia
4638,Parascardovia
4639,Thermobispora
4640,Actinopolyspora
4641,Candidatus Planktophila
4647,Candidatus Nanopelagicus
4650,unclassified Actinobacteria
4651,Rubrobacter
4653,Conexibacter
4654,Acidimicrobium
4655,Ilumatobacter
4656,Cryptobacterium
4657,Slackia
4658,Eggerthella
4660,Gordonibacter
4661,Adlercreutzia
4662,Denitrobacterium
4663,Atopobium
4664,Olsenella
4666,Parolsenella
4667,Coriobacterium
4668,Collinsella
4669,unclassified Coriobacteriaceae
4670,Synechocystis
4678,Synechococcus
4699,Thermosynechococcus
4701,Cyanobium
4703,Dactylococcopsis
4704,Chamaesiphon
4705,Leptolyngbya
4709,Halomicronema
4710,Pseudanabaena
4712,Prochlorococcus
4726,Acaryochloris
4727,Microcystis
4730,Cyanobacterium
4733,Halothece
4734,Candidatus Atelocyanobacterium
4735,Crocosphaera
4736,Gloeocapsa
4737,Geminocystis
4739,Chondrocystis
4741,Rippkaea
4742,Gloeothece
4743,Cyanothece
4746,Trichodesmium
4747,Microcoleus
4748,Arthrospira
4749,Planktothrix
4750,Geitlerinema
4751,Oscillatoria
4753,Moorea
4754,Crinalium
4755,Gloeobacter
4757,Nostoc
4764,Trichormus
4766,Anabaena
4769,Cylindrospermum
4770,Calothrix
4773,Rivularia
4774,Fischerella
4775,Nodularia
4776,unclassified Nostocales
4777,Chroococcidiopsis
4778,Pleurocapsa
4779,Stanieria
4781,unclassified Cyanobacteria
4783,unclassified Candidatus Melainabacteria
4784,Dehalococcoides
4796,Dehalogenimonas
4799,Roseiflexus
4801,Chloroflexus
4804,Herpetosiphon
4805,Thermomicrobium
4806,Sphaerobacter
4807,Anaerolinea
4808,Brevefilum
4809,Pelolinea
4810,unclassified Anaerolineaceae
4811,Caldilinea
4812,Candidatus Promineofilum
4813,Deinococcus
4827,Truepera
4828,Thermus
4838,Meiothermus
4842,Oceanithermus
4843,Marinithermus
4844,Chthonomonas
4845,Fimbriimonas
4846,Thermobaculum
4847,Chlamydia
4961,Candidatus Protochlamydia
4963,Parachlamydia
4964,Waddlia
4965,Simkania
4966,Opitutus
4967,Lacunisphaera
4968,unclassified Opitutaceae
4969,Coraliomargarita
4970,Akkermansia
4972,Candidatus Xiphinematobacter
4973,Methylacidiphilum
4974,unclassified Verrucomicrobia
4976,Rhodopirellula
4977,Pirellula
4979,Planctopirus
4980,Rubinisphaera
4981,Planctomyces
4983,Fuerstia
4984,Thermogutta
4985,Gemmata
4987,Isosphaera
4988,Singulisphaera
4989,Paludisphaera
4990,Candidatus Kuenenia
4991,Phycisphaera
4992,Sedimentisphaera
4994,Limihaloglobus
4995,Kiritimatiella
4996,unclassified Victivallales
4997,Borreliella
5016,Borrelia
5027,Treponema
5048,Sediminispirochaeta
5049,Spirochaeta
5052,Sphaerochaeta
5055,Salinispira
5056,Leptospira
5068,Turneriella
5069,Brachyspira
5078,Candidatus Koribacter
5079,Acidobacterium
5080,Granulicella
5082,Terriglobus
5084,Acidisarcina
5085,Candidatus Solibacter
5086,Chloracidobacterium
5087,Luteitalea
5088,Elusimicrobium
5089,Endomicrobium
5091,Uncultured Termite group 1
5092,Fusobacterium
5103,Ilyobacter
5104,Leptotrichia
5108,Sebaldella
5109,Streptobacillus
5110,Sneathia
5111,Thermanaerovibrio
5112,Aminobacterium
5113,Thermovirga
5114,Acetomicrobium
5115,Fretibacterium
5116,Cloacibacillus
5117,Fibrobacter
5119,Gemmatimonas
5121,Gemmatirosa
5122,Bacteroides
5140,unclassified Bacteroidales
5141,Porphyromonas
5146,Fermentimonas
5147,Petrimonas
5149,Paludibacter
5150,Parabacteroides
5152,Tannerella
5154,Muribaculum
5155,Barnesiella
5156,Proteiniphilum
5157,Odoribacter
5158,Butyricimonas
5159,Candidatus Azobacteroides
5160,Prevotella
5169,Alistipes
5171,Mucinivorans
5172,Draconibacterium
5173,Salinivirga
5174,Alkalitalea
5175,Labilibaculum
5176,Salinibacter
5178,Rhodothermus
5180,unclassified Rhodothermaceae
5181,Chitinophaga
5183,Niastella
5184,Niabella
5186,Flavisolibacter
5187,Arachidicoccus
5189,Filimonas
5190,Paraflavitalea
5191,Haliscomenobacter
5192,Saprospira
5193,Pedobacter
5198,Pseudopedobacter
5199,Sphingobacterium
5203,Solitalea
5204,Mucilaginibacter
5208,unclassified Sphingobacteriaceae
5209,Cyclobacterium
5211,Belliella
5212,Echinicola
5214,Algoriphagus
5215,Cytophaga
5216,Dyadobacter
5217,Spirosoma
5221,Leadbetterella
5222,Runella
5225,Emticicia
5226,Fibrella
5228,Allopseudarcicella
5229,Arcticibacterium
5230,Bernardetia
5231,Hymenobacter
5240,Pontibacter
5242,Rufibacter
5245,Marivirga
5246,Flammeovirga
5248,unclassified Flammeovirgaceae
5249,Candidatus Amoebophilus
5250,Candidatus Cardinium
5253,Chryseolinea
5254,Gramella
5258,Flavobacterium
5277,Capnocytophaga
5288,Robiginitalea
5289,Zunongwangia
5290,Croceibacter
5291,Riemerella
5297,Maribacter
5301,Cellulophaga
5306,Weeksella
5307,Dokdonia
5311,Lacinutrix
5314,Zobellia
5315,Muricauda
5317,Aequorivita
5319,Ornithobacterium
5321,Psychroflexus
5322,Nonlabens
5326,Polaribacter
5331,Elizabethkingia
5338,Myroides
5342,Chryseobacterium
5353,Winogradskyella
5355,Siansivirga
5356,Algibacter
5357,Sediminicola
5358,Tenacibaculum
5362,Lutibacter
5363,Urechidicola
5364,Wenyingzhuangia
5365,Formosa
5367,Salegentibacter
5368,Seonamhaeicola
5369,Arenibacter
5370,Olleya
5372,Flavivirga
5373,Tamlana
5374,Aureitalea
5375,Flagellimonas
5376,Kordia
5377,Mariniflexile
5378,Aquimarina
5381,Euzebyella
5382,Cloacibacterium
5383,Muriicola
5384,unclassified Flavobacteriaceae
5386,Candidatus Sulcia
5395,Blattabacterium
5404,Fluviicola
5406,Owenweeksia
5407,Ichthyobacterium
5408,Candidatus Walczuchella
5409,Candidatus Uzinura
5410,unclassified Bacteroidetes
5411,Chlorobaculum
5414,Chlorobium
5420,Pelodictyon
5421,Prosthecochloris
5425,Chloroherpeton
5426,Ignavibacterium
5427,Melioribacter
5428,Candidatus Cyclonatronum
5429,Candidatus Cloacimonas
5430,Aquifex
5431,Hydrogenobaculum
5434,Hydrogenobacter
5436,Thermocrinis
5438,Sulfurihydrogenibium
5440,Persephonella
5441,Thermosulfidibacter
5442,Thermovibrio
5443,Desulfurobacterium
5444,Thermotoga
5457,Pseudothermotoga
5460,Thermosipho
5464,Fervidobacterium
5467,Petrotoga
5468,Marinitoga
5470,Defluviitoga
5471,Kosmotoga
5473,Mesotoga
5475,Caldisericum
5476,Desulfurispirillum
5477,Deferribacter
5478,Denitrovibrio
5479,Calditerrivibrio
5480,Flexistipes
5481,Geovibrio
5482,Caldithrix
5483,Dictyoglomus
5485,Thermodesulfovibrio
5486,Nitrospira
5490,Leptospirillum
5494,Thermodesulfatator
5495,Thermodesulfobacterium
5497,Caldimicrobium
5498,Candidatus Saccharimonas
5499,unclassified Saccharibacteria
5502,Candidatus Peribacter
5503,Candidatus Bipolaricaulis
5505,Vampirococcus
5506,Candidatus Methylomirabilis
5507,Candidatus Babela
5508,unclassified Candidatus Dependentiae
5509,candidate division SR1
5511,candidate division WWE3
5512,candidate division Kazan-3B-28
5513,Candidatus Berkelbacteria
5514,Candidatus Beckwithbacteria
5515,Candidatus Woesebacteria
5516,Candidatus Wolfebacteria
5517,Candidatus Campbellbacteria
5518,unclassified Bacteria
5519,Methanocaldococcus
5525,Methanotorris
5526,Methanococcus
5534,Methanothermococcus
5535,Methanothermobacter
5541,Methanosphaera
5543,Methanobrevibacter
5549,Methanobacterium
5559,Methanothermus
5560,Methanopyrus
5561,Archaeoglobus
5566,Ferroglobus
5567,Geoglobus
5569,Thermoplasma
5571,Picrophilus
5572,Ferroplasma
5574,Cuniculiplasma
5575,unclassified Thermoplasmatales
5576,Candidatus Methanomethylophilus
5577,Methanomassiliicoccus
5578,Candidatus Methanoplasma
5579,unclassified Thermoplasmata
5580,Aciduliprofundum
5582,Pyrococcus
5590,Thermococcus
5617,Palaeococcus
5618,Methanosarcina
5641,Methanococcoides
5643,Methanohalophilus
5645,Methanohalobium
5646,Methanosalsum
5647,Methanolobus
5648,Methanomethylovorans
5649,Methanothrix
5652,Methanospirillum
5653,Methanocorpusculum
5654,Methanoculleus
5657,Methanolacinia
5658,Methanoregula
5660,Methanosphaerula
5661,Methanocella
5664,Halobacterium
5668,Halalkalicoccus
5669,Halodesulfurarchaeum
5671,Halanaeroarchaeum
5673,Haloarcula
5678,Natronomonas
5680,Halorhabdus
5682,Halomicrobium
5683,Halorientalis
5684,unclassified Haloarculaceae
5685,Haloquadratum
5687,Haloferax
5690,Halogeometricum
5691,Haloplanus
5694,Halorubrum
5697,Salinigranum
5698,Halohasta
5699,unclassified Haloferacales
5700,Haloterrigena
5702,Natrialba
5703,Halopiger
5704,Natrinema
5706,Natronobacterium
5707,Halovivax
5708,Natronococcus
5709,Salinarchaeum
5710,Halostagnicola
5711,Halobiforma
5712,Natronolimnobius
5715,unclassified Nanohaloarchaea
5716,Aeropyrum
5718,Staphylothermus
5720,Ignicoccus
5722,Desulfurococcus
5725,Thermosphaera
5726,Ignisphaera
5727,Thermogladius
5728,Hyperthermus
5729,Pyrolobus
5730,Pyrodictium
5731,Sulfurisphaera
5732,Saccharolobus
5737,Sulfolobus
5752,Metallosphaera
5755,Acidianus
5759,Sulfodiicoccus
5760,Pyrobaculum
5768,Caldivirga
5769,Thermoproteus
5771,Vulcanisaeta
5773,Thermofilum
5777,Acidilobus
5779,Caldisphaera
5780,Fervidicoccus
5781,Nitrosopumilus
5786,Candidatus Nitrosomarinus
5787,Cenarchaeum
5789,Nitrososphaera
5791,Candidatus Nitrosocosmicus
5792,Candidatus Nitrosocaldus
5793,Candidatus Caldiarchaeum
5794,Candidatus Nitrosopelagicus
5795,Candidatus Nitrosotenuis
5796,Candidatus Nitrosotalea
5797,Nanoarchaeum
5798,Candidatus Nanopusillus
5799,Candidatus Mancarchaeum
5800,Candidatus Korarchaeum
5801,unclassified Candidatus Bathyarchaeota
5803,Lokiarchaeum
5804,unclassified Archaea